antibiotic,model,auc,mcc,accuracy,f1_macro,f1_S,f1_I,f1_R
ciprofloxacin,RandomForest (calibrated),0.8336543340258816,0.709931323613643,0.84,0.5852200896448684,0.911504424778761,0.0,0.8441558441558441
ceftriaxone,RandomForest (calibrated),0.7991536142970569,0.5888979641948404,0.795,0.5410742243665526,0.8669201520912547,0.0,0.7563025210084033
meropenem,RandomForest (calibrated),0.8043583818008028,0.5824863154258898,0.87,0.532669983416252,0.9313432835820895,0.0,0.6666666666666666
